{"cameraMode":{"drawMode":0,"name":"Shaded","section":"Shading Mode"},"sceneLighting":true,"audioPlay":false,"sceneViewState":{"m_AlwaysRefresh":false,"showFog":true,"showSkybox":true,"showFlares":true,"showImageEffects":true,"showParticleSystems":true,"showVisualEffectGraphs":true,"m_FxEnabled":true},"in2DMode":false,"pivot":{"x":43.278541564941409,"y":2.754967212677002,"z":-52.964263916015628},"rotation":{"x":0.01169232651591301,"y":0.9627683162689209,"z":-0.26677462458610537,"w":0.042196497321128848},"size":21.053401947021486,"orthographic":false}